-- phpMyAdmin SQL Dump
-- version 5.1.1
-- https://www.phpmyadmin.net/
--
-- Host: 127.0.0.1
-- Generation Time: Dec 31, 2021 at 06:28 PM
-- Server version: 10.4.21-MariaDB
-- PHP Version: 8.0.12

SET SQL_MODE = "NO_AUTO_VALUE_ON_ZERO";
START TRANSACTION;
SET time_zone = "+00:00";


/*!40101 SET @OLD_CHARACTER_SET_CLIENT=@@CHARACTER_SET_CLIENT */;
/*!40101 SET @OLD_CHARACTER_SET_RESULTS=@@CHARACTER_SET_RESULTS */;
/*!40101 SET @OLD_COLLATION_CONNECTION=@@COLLATION_CONNECTION */;
/*!40101 SET NAMES utf8mb4 */;

--
-- Database: `student_attendance_db`
--

DELIMITER $$
--
-- Procedures
--
CREATE DEFINER=`root`@`localhost` PROCEDURE `no_of_section` ()  SELECT co.course,COUNT(DISTINCT cl.id) as No_of_Sections
FROM `class_subject` as cs,`courses` co,`class` cl
WHERE  cs.class_id = cl.id and cl.course_id=co.id
group by co.course$$

DELIMITER ;

-- --------------------------------------------------------

--
-- Table structure for table `attendance_list`
--

CREATE TABLE `attendance_list` (
  `id` int(30) NOT NULL,
  `class_subject_id` int(30) NOT NULL,
  `doc` date NOT NULL,
  `date_created` datetime NOT NULL DEFAULT current_timestamp()
) ENGINE=InnoDB DEFAULT CHARSET=utf8mb4;

--
-- Dumping data for table `attendance_list`
--

INSERT INTO `attendance_list` (`id`, `class_subject_id`, `doc`, `date_created`) VALUES
(1, 1, '2021-11-28', '2021-11-28 20:06:37'),
(2, 3, '2021-11-21', '2021-11-21 13:52:12'),
(3, 3, '2021-11-01', '2021-11-21 15:24:34'),
(4, 3, '2021-11-02', '2021-11-21 15:25:22'),
(5, 3, '2021-11-03', '2021-11-21 15:26:14'),
(6, 3, '2021-11-04', '2021-11-21 15:27:16'),
(7, 3, '2021-11-05', '2021-11-21 15:28:06'),
(8, 3, '2021-11-06', '2021-11-21 15:28:51'),
(9, 3, '2021-11-08', '2021-11-21 21:15:24'),
(10, 3, '2021-11-09', '2021-11-21 21:16:11'),
(11, 3, '2021-11-10', '2021-11-21 21:16:59'),
(12, 3, '2021-11-11', '2021-11-21 21:18:15'),
(13, 3, '2021-11-12', '2021-11-23 22:46:59'),
(14, 3, '2021-11-13', '2021-11-23 22:47:52'),
(15, 3, '2021-11-15', '2021-11-23 22:48:08'),
(16, 3, '2021-11-16', '2021-11-23 22:49:25'),
(17, 3, '2021-11-17', '2021-11-23 22:51:35'),
(18, 1, '2021-12-17', '2021-12-17 22:31:09'),
(19, 3, '2021-12-17', '2021-12-17 22:33:18'),
(20, 5, '2021-12-21', '2021-12-21 21:06:52'),
(21, 3, '2021-12-23', '2021-12-23 08:55:16'),
(22, 3, '2021-12-25', '2021-12-25 17:37:06'),
(23, 3, '2021-11-18', '2021-12-25 19:52:58'),
(24, 3, '2021-11-19', '2021-12-25 22:26:08'),
(25, 10, '2021-12-27', '2021-12-27 11:33:58'),
(26, 2, '2021-12-27', '2021-12-27 11:48:07');

-- --------------------------------------------------------

--
-- Table structure for table `attendance_record`
--

CREATE TABLE `attendance_record` (
  `id` int(30) NOT NULL,
  `attendance_id` int(30) NOT NULL,
  `student_id` int(30) NOT NULL,
  `type` tinyint(1) NOT NULL COMMENT '0=absent,1=present,2=late',
  `date_created` datetime NOT NULL DEFAULT current_timestamp()
) ENGINE=InnoDB DEFAULT CHARSET=utf8mb4;

--
-- Dumping data for table `attendance_record`
--

INSERT INTO `attendance_record` (`id`, `attendance_id`, `student_id`, `type`, `date_created`) VALUES
(1, 1, 1, 1, '2020-10-28 20:06:37'),
(2, 1, 2, 2, '2020-10-28 20:06:37'),
(3, 2, 1, 1, '2021-11-21 13:52:12'),
(4, 2, 2, 1, '2021-11-21 13:52:12'),
(5, 3, 7, 1, '2021-11-21 15:24:34'),
(6, 3, 8, 0, '2021-11-21 15:24:34'),
(7, 3, 9, 1, '2021-11-21 15:24:34'),
(8, 3, 10, 1, '2021-11-21 15:24:34'),
(9, 3, 11, 1, '2021-11-21 15:24:34'),
(10, 3, 12, 1, '2021-11-21 15:24:34'),
(11, 3, 13, 1, '2021-11-21 15:24:34'),
(12, 3, 14, 1, '2021-11-21 15:24:34'),
(13, 3, 15, 1, '2021-11-21 15:24:34'),
(14, 3, 16, 1, '2021-11-21 15:24:34'),
(15, 3, 17, 1, '2021-11-21 15:24:34'),
(16, 3, 18, 1, '2021-11-21 15:24:34'),
(17, 3, 19, 1, '2021-11-21 15:24:34'),
(18, 3, 20, 1, '2021-11-21 15:24:34'),
(19, 3, 21, 1, '2021-11-21 15:24:34'),
(20, 3, 22, 1, '2021-11-21 15:24:34'),
(21, 3, 23, 1, '2021-11-21 15:24:34'),
(22, 3, 24, 1, '2021-11-21 15:24:34'),
(23, 3, 25, 1, '2021-11-21 15:24:34'),
(24, 3, 26, 0, '2021-11-21 15:24:34'),
(25, 3, 27, 1, '2021-11-21 15:24:34'),
(26, 3, 28, 1, '2021-11-21 15:24:34'),
(27, 3, 29, 1, '2021-11-21 15:24:34'),
(28, 3, 30, 1, '2021-11-21 15:24:34'),
(29, 3, 31, 0, '2021-11-21 15:24:34'),
(30, 3, 32, 1, '2021-11-21 15:24:34'),
(31, 4, 7, 1, '2021-11-21 15:25:22'),
(32, 4, 8, 0, '2021-11-21 15:25:22'),
(33, 4, 9, 1, '2021-11-21 15:25:22'),
(34, 4, 10, 1, '2021-11-21 15:25:22'),
(35, 4, 11, 1, '2021-11-21 15:25:22'),
(36, 4, 12, 1, '2021-11-21 15:25:22'),
(37, 4, 13, 1, '2021-11-21 15:25:22'),
(38, 4, 14, 1, '2021-11-21 15:25:22'),
(39, 4, 15, 1, '2021-11-21 15:25:22'),
(40, 4, 16, 1, '2021-11-21 15:25:22'),
(41, 4, 17, 1, '2021-11-21 15:25:22'),
(42, 4, 18, 1, '2021-11-21 15:25:22'),
(43, 4, 19, 1, '2021-11-21 15:25:22'),
(44, 4, 20, 1, '2021-11-21 15:25:22'),
(45, 4, 21, 1, '2021-11-21 15:25:22'),
(46, 4, 22, 1, '2021-11-21 15:25:22'),
(47, 4, 23, 1, '2021-11-21 15:25:22'),
(48, 4, 24, 1, '2021-11-21 15:25:22'),
(49, 4, 25, 1, '2021-11-21 15:25:22'),
(50, 4, 26, 1, '2021-11-21 15:25:22'),
(51, 4, 27, 1, '2021-11-21 15:25:22'),
(52, 4, 28, 1, '2021-11-21 15:25:22'),
(53, 4, 29, 1, '2021-11-21 15:25:22'),
(54, 4, 30, 1, '2021-11-21 15:25:22'),
(55, 4, 31, 1, '2021-11-21 15:25:22'),
(56, 4, 32, 1, '2021-11-21 15:25:22'),
(57, 5, 7, 1, '2021-11-21 15:26:14'),
(58, 5, 8, 1, '2021-11-21 15:26:14'),
(59, 5, 9, 1, '2021-11-21 15:26:14'),
(60, 5, 10, 1, '2021-11-21 15:26:14'),
(61, 5, 11, 1, '2021-11-21 15:26:14'),
(62, 5, 12, 1, '2021-11-21 15:26:14'),
(63, 5, 13, 1, '2021-11-21 15:26:14'),
(64, 5, 14, 1, '2021-11-21 15:26:14'),
(65, 5, 15, 0, '2021-11-21 15:26:14'),
(66, 5, 16, 1, '2021-11-21 15:26:14'),
(67, 5, 17, 0, '2021-11-21 15:26:14'),
(68, 5, 18, 1, '2021-11-21 15:26:14'),
(69, 5, 19, 0, '2021-11-21 15:26:14'),
(70, 5, 20, 1, '2021-11-21 15:26:14'),
(71, 5, 21, 0, '2021-11-21 15:26:14'),
(72, 5, 22, 0, '2021-11-21 15:26:14'),
(73, 5, 23, 1, '2021-11-21 15:26:14'),
(74, 5, 24, 0, '2021-11-21 15:26:14'),
(75, 5, 25, 0, '2021-11-21 15:26:14'),
(76, 5, 26, 1, '2021-11-21 15:26:14'),
(77, 5, 27, 0, '2021-11-21 15:26:14'),
(78, 5, 28, 1, '2021-11-21 15:26:14'),
(79, 5, 29, 0, '2021-11-21 15:26:14'),
(80, 5, 30, 0, '2021-11-21 15:26:14'),
(81, 5, 31, 0, '2021-11-21 15:26:14'),
(82, 5, 32, 0, '2021-11-21 15:26:14'),
(83, 6, 7, 0, '2021-11-21 15:27:16'),
(84, 6, 8, 0, '2021-11-21 15:27:16'),
(85, 6, 9, 1, '2021-11-21 15:27:16'),
(86, 6, 10, 1, '2021-11-21 15:27:16'),
(87, 6, 11, 1, '2021-11-21 15:27:16'),
(88, 6, 12, 1, '2021-11-21 15:27:16'),
(89, 6, 13, 1, '2021-11-21 15:27:16'),
(90, 6, 14, 1, '2021-11-21 15:27:16'),
(91, 6, 15, 1, '2021-11-21 15:27:16'),
(92, 6, 16, 1, '2021-11-21 15:27:16'),
(93, 6, 17, 1, '2021-11-21 15:27:16'),
(94, 6, 18, 1, '2021-11-21 15:27:16'),
(95, 6, 19, 1, '2021-11-21 15:27:16'),
(96, 6, 20, 1, '2021-11-21 15:27:16'),
(97, 6, 21, 0, '2021-11-21 15:27:16'),
(98, 6, 22, 1, '2021-11-21 15:27:16'),
(99, 6, 23, 1, '2021-11-21 15:27:16'),
(100, 6, 24, 0, '2021-11-21 15:27:16'),
(101, 6, 25, 1, '2021-11-21 15:27:16'),
(102, 6, 26, 1, '2021-11-21 15:27:16'),
(103, 6, 27, 1, '2021-11-21 15:27:16'),
(104, 6, 28, 1, '2021-11-21 15:27:16'),
(105, 6, 29, 1, '2021-11-21 15:27:16'),
(106, 6, 30, 1, '2021-11-21 15:27:16'),
(107, 6, 31, 1, '2021-11-21 15:27:16'),
(108, 6, 32, 1, '2021-11-21 15:27:16'),
(109, 7, 7, 1, '2021-11-21 15:28:06'),
(110, 7, 8, 1, '2021-11-21 15:28:06'),
(111, 7, 9, 1, '2021-11-21 15:28:06'),
(112, 7, 10, 1, '2021-11-21 15:28:06'),
(113, 7, 11, 1, '2021-11-21 15:28:06'),
(114, 7, 12, 1, '2021-11-21 15:28:06'),
(115, 7, 13, 1, '2021-11-21 15:28:06'),
(116, 7, 14, 1, '2021-11-21 15:28:06'),
(117, 7, 15, 1, '2021-11-21 15:28:06'),
(118, 7, 16, 1, '2021-11-21 15:28:06'),
(119, 7, 17, 1, '2021-11-21 15:28:06'),
(120, 7, 18, 1, '2021-11-21 15:28:06'),
(121, 7, 19, 0, '2021-11-21 15:28:06'),
(122, 7, 20, 1, '2021-11-21 15:28:06'),
(123, 7, 21, 0, '2021-11-21 15:28:06'),
(124, 7, 22, 1, '2021-11-21 15:28:06'),
(125, 7, 23, 0, '2021-11-21 15:28:06'),
(126, 7, 24, 1, '2021-11-21 15:28:06'),
(127, 7, 25, 0, '2021-11-21 15:28:06'),
(128, 7, 26, 1, '2021-11-21 15:28:06'),
(129, 7, 27, 0, '2021-11-21 15:28:06'),
(130, 7, 28, 1, '2021-11-21 15:28:06'),
(131, 7, 29, 0, '2021-11-21 15:28:06'),
(132, 7, 30, 1, '2021-11-21 15:28:06'),
(133, 7, 31, 0, '2021-11-21 15:28:06'),
(134, 7, 32, 1, '2021-11-21 15:28:06'),
(135, 8, 7, 0, '2021-11-21 15:28:51'),
(136, 8, 8, 0, '2021-11-21 15:28:51'),
(137, 8, 9, 0, '2021-11-21 15:28:51'),
(138, 8, 10, 0, '2021-11-21 15:28:51'),
(139, 8, 11, 1, '2021-11-21 15:28:51'),
(140, 8, 12, 1, '2021-11-21 15:28:51'),
(141, 8, 13, 1, '2021-11-21 15:28:51'),
(142, 8, 14, 1, '2021-11-21 15:28:51'),
(143, 8, 15, 0, '2021-11-21 15:28:51'),
(144, 8, 16, 1, '2021-11-21 15:28:51'),
(145, 8, 17, 0, '2021-11-21 15:28:51'),
(146, 8, 18, 1, '2021-11-21 15:28:51'),
(147, 8, 19, 0, '2021-11-21 15:28:51'),
(148, 8, 20, 0, '2021-11-21 15:28:51'),
(149, 8, 21, 1, '2021-11-21 15:28:51'),
(150, 8, 22, 1, '2021-11-21 15:28:51'),
(151, 8, 23, 1, '2021-11-21 15:28:51'),
(152, 8, 24, 0, '2021-11-21 15:28:51'),
(153, 8, 25, 0, '2021-11-21 15:28:51'),
(154, 8, 26, 1, '2021-11-21 15:28:51'),
(155, 8, 27, 1, '2021-11-21 15:28:51'),
(156, 8, 28, 1, '2021-11-21 15:28:51'),
(157, 8, 29, 1, '2021-11-21 15:28:51'),
(158, 8, 30, 0, '2021-11-21 15:28:51'),
(159, 8, 31, 1, '2021-11-21 15:28:51'),
(160, 8, 32, 1, '2021-11-21 15:28:51'),
(161, 9, 7, 1, '2021-11-21 21:15:24'),
(162, 9, 8, 1, '2021-11-21 21:15:24'),
(163, 9, 9, 1, '2021-11-21 21:15:24'),
(164, 9, 10, 1, '2021-11-21 21:15:24'),
(165, 9, 11, 1, '2021-11-21 21:15:24'),
(166, 9, 12, 1, '2021-11-21 21:15:24'),
(167, 9, 13, 1, '2021-11-21 21:15:24'),
(168, 9, 14, 1, '2021-11-21 21:15:24'),
(169, 9, 15, 1, '2021-11-21 21:15:24'),
(170, 9, 16, 1, '2021-11-21 21:15:24'),
(171, 9, 17, 0, '2021-11-21 21:15:24'),
(172, 9, 18, 0, '2021-11-21 21:15:24'),
(173, 9, 19, 1, '2021-11-21 21:15:24'),
(174, 9, 20, 0, '2021-11-21 21:15:24'),
(175, 9, 21, 0, '2021-11-21 21:15:24'),
(176, 9, 22, 1, '2021-11-21 21:15:24'),
(177, 9, 23, 0, '2021-11-21 21:15:24'),
(178, 9, 24, 1, '2021-11-21 21:15:24'),
(179, 9, 25, 0, '2021-11-21 21:15:24'),
(180, 9, 26, 1, '2021-11-21 21:15:24'),
(181, 9, 27, 0, '2021-11-21 21:15:24'),
(182, 9, 28, 1, '2021-11-21 21:15:24'),
(183, 9, 29, 0, '2021-11-21 21:15:24'),
(184, 9, 30, 1, '2021-11-21 21:15:24'),
(185, 9, 31, 0, '2021-11-21 21:15:24'),
(186, 9, 32, 1, '2021-11-21 21:15:24'),
(187, 10, 7, 1, '2021-11-21 21:16:11'),
(188, 10, 8, 1, '2021-11-21 21:16:11'),
(189, 10, 9, 1, '2021-11-21 21:16:11'),
(190, 10, 10, 1, '2021-11-21 21:16:11'),
(191, 10, 11, 1, '2021-11-21 21:16:11'),
(192, 10, 12, 0, '2021-11-21 21:16:11'),
(193, 10, 13, 1, '2021-11-21 21:16:11'),
(194, 10, 14, 0, '2021-11-21 21:16:11'),
(195, 10, 15, 1, '2021-11-21 21:16:11'),
(196, 10, 16, 0, '2021-11-21 21:16:11'),
(197, 10, 17, 1, '2021-11-21 21:16:11'),
(198, 10, 18, 0, '2021-11-21 21:16:11'),
(199, 10, 19, 0, '2021-11-21 21:16:11'),
(200, 10, 20, 0, '2021-11-21 21:16:11'),
(201, 10, 21, 1, '2021-11-21 21:16:11'),
(202, 10, 22, 1, '2021-11-21 21:16:11'),
(203, 10, 23, 1, '2021-11-21 21:16:11'),
(204, 10, 24, 0, '2021-11-21 21:16:11'),
(205, 10, 25, 0, '2021-11-21 21:16:11'),
(206, 10, 26, 0, '2021-11-21 21:16:11'),
(207, 10, 27, 1, '2021-11-21 21:16:11'),
(208, 10, 28, 1, '2021-11-21 21:16:11'),
(209, 10, 29, 1, '2021-11-21 21:16:11'),
(210, 10, 30, 1, '2021-11-21 21:16:11'),
(211, 10, 31, 1, '2021-11-21 21:16:11'),
(212, 10, 32, 1, '2021-11-21 21:16:11'),
(213, 11, 7, 1, '2021-11-21 21:16:59'),
(214, 11, 8, 1, '2021-11-21 21:16:59'),
(215, 11, 9, 0, '2021-11-21 21:16:59'),
(216, 11, 10, 0, '2021-11-21 21:16:59'),
(217, 11, 11, 1, '2021-11-21 21:16:59'),
(218, 11, 12, 1, '2021-11-21 21:16:59'),
(219, 11, 13, 2, '2021-11-21 21:16:59'),
(220, 11, 14, 1, '2021-11-21 21:16:59'),
(221, 11, 15, 0, '2021-11-21 21:16:59'),
(222, 11, 16, 1, '2021-11-21 21:16:59'),
(223, 11, 17, 0, '2021-11-21 21:16:59'),
(224, 11, 18, 1, '2021-11-21 21:16:59'),
(225, 11, 19, 2, '2021-11-21 21:16:59'),
(226, 11, 20, 1, '2021-11-21 21:16:59'),
(227, 11, 21, 2, '2021-11-21 21:16:59'),
(228, 11, 22, 1, '2021-11-21 21:16:59'),
(229, 11, 23, 0, '2021-11-21 21:16:59'),
(230, 11, 24, 2, '2021-11-21 21:16:59'),
(231, 11, 25, 1, '2021-11-21 21:16:59'),
(232, 11, 26, 0, '2021-11-21 21:16:59'),
(233, 11, 27, 1, '2021-11-21 21:16:59'),
(234, 11, 28, 2, '2021-11-21 21:16:59'),
(235, 11, 29, 0, '2021-11-21 21:16:59'),
(236, 11, 30, 1, '2021-11-21 21:16:59'),
(237, 11, 31, 2, '2021-11-21 21:16:59'),
(238, 11, 32, 2, '2021-11-21 21:16:59'),
(239, 12, 7, 2, '2021-11-21 21:18:15'),
(240, 12, 8, 2, '2021-11-21 21:18:15'),
(241, 12, 9, 2, '2021-11-21 21:18:15'),
(242, 12, 10, 0, '2021-11-21 21:18:15'),
(243, 12, 11, 1, '2021-11-21 21:18:15'),
(244, 12, 12, 0, '2021-11-21 21:18:15'),
(245, 12, 13, 0, '2021-11-21 21:18:15'),
(246, 12, 14, 0, '2021-11-21 21:18:15'),
(247, 12, 15, 0, '2021-11-21 21:18:15'),
(248, 12, 16, 2, '2021-11-21 21:18:15'),
(249, 12, 17, 2, '2021-11-21 21:18:15'),
(250, 12, 18, 0, '2021-11-21 21:18:15'),
(251, 12, 19, 2, '2021-11-21 21:18:15'),
(252, 12, 20, 2, '2021-11-21 21:18:15'),
(253, 12, 21, 0, '2021-11-21 21:18:15'),
(254, 12, 22, 2, '2021-11-21 21:18:15'),
(255, 12, 23, 2, '2021-11-21 21:18:15'),
(256, 12, 24, 0, '2021-11-21 21:18:15'),
(257, 12, 25, 0, '2021-11-21 21:18:15'),
(258, 12, 26, 1, '2021-11-21 21:18:15'),
(259, 12, 27, 1, '2021-11-21 21:18:15'),
(260, 12, 28, 1, '2021-11-21 21:18:15'),
(261, 12, 29, 1, '2021-11-21 21:18:15'),
(262, 12, 30, 1, '2021-11-21 21:18:15'),
(263, 12, 31, 1, '2021-11-21 21:18:15'),
(264, 12, 32, 1, '2021-11-21 21:18:15'),
(265, 13, 7, 1, '2021-11-23 22:46:59'),
(266, 13, 8, 0, '2021-11-23 22:46:59'),
(267, 13, 9, 1, '2021-11-23 22:46:59'),
(268, 13, 10, 1, '2021-11-23 22:46:59'),
(269, 13, 11, 1, '2021-11-23 22:46:59'),
(270, 13, 12, 1, '2021-11-23 22:46:59'),
(271, 13, 13, 1, '2021-11-23 22:46:59'),
(272, 13, 14, 1, '2021-11-23 22:46:59'),
(273, 13, 15, 1, '2021-11-23 22:46:59'),
(274, 13, 16, 1, '2021-11-23 22:46:59'),
(275, 13, 17, 1, '2021-11-23 22:46:59'),
(276, 13, 18, 1, '2021-11-23 22:46:59'),
(277, 13, 19, 1, '2021-11-23 22:46:59'),
(278, 13, 20, 1, '2021-11-23 22:46:59'),
(279, 13, 21, 1, '2021-11-23 22:46:59'),
(280, 13, 22, 1, '2021-11-23 22:46:59'),
(281, 13, 23, 1, '2021-11-23 22:46:59'),
(282, 13, 24, 0, '2021-11-23 22:46:59'),
(283, 13, 25, 0, '2021-11-23 22:46:59'),
(284, 13, 26, 0, '2021-11-23 22:46:59'),
(285, 13, 27, 1, '2021-11-23 22:46:59'),
(286, 13, 28, 1, '2021-11-23 22:46:59'),
(287, 13, 29, 1, '2021-11-23 22:46:59'),
(288, 13, 30, 1, '2021-11-23 22:46:59'),
(289, 13, 31, 1, '2021-11-23 22:46:59'),
(290, 13, 32, 1, '2021-11-23 22:46:59'),
(291, 14, 7, 1, '2021-11-23 22:47:52'),
(292, 14, 8, 0, '2021-11-23 22:47:52'),
(293, 14, 9, 2, '2021-11-23 22:47:52'),
(294, 14, 10, 0, '2021-11-23 22:47:52'),
(295, 14, 11, 1, '2021-11-23 22:47:52'),
(296, 14, 12, 0, '2021-11-23 22:47:52'),
(297, 14, 13, 1, '2021-11-23 22:47:52'),
(298, 14, 14, 0, '2021-11-23 22:47:52'),
(299, 14, 15, 1, '2021-11-23 22:47:52'),
(300, 14, 16, 0, '2021-11-23 22:47:52'),
(301, 14, 17, 1, '2021-11-23 22:47:52'),
(302, 14, 18, 0, '2021-11-23 22:47:52'),
(303, 14, 19, 1, '2021-11-23 22:47:52'),
(304, 14, 20, 0, '2021-11-23 22:47:52'),
(305, 14, 21, 1, '2021-11-23 22:47:52'),
(306, 14, 22, 0, '2021-11-23 22:47:52'),
(307, 14, 23, 1, '2021-11-23 22:47:52'),
(308, 14, 24, 0, '2021-11-23 22:47:52'),
(309, 14, 25, 1, '2021-11-23 22:47:52'),
(310, 14, 26, 0, '2021-11-23 22:47:52'),
(311, 14, 27, 1, '2021-11-23 22:47:52'),
(312, 14, 28, 0, '2021-11-23 22:47:52'),
(313, 14, 29, 1, '2021-11-23 22:47:52'),
(314, 14, 30, 0, '2021-11-23 22:47:52'),
(315, 14, 31, 1, '2021-11-23 22:47:52'),
(316, 14, 32, 0, '2021-11-23 22:47:52'),
(317, 15, 7, 1, '2021-11-23 22:48:08'),
(318, 15, 8, 1, '2021-11-23 22:48:08'),
(319, 15, 9, 1, '2021-11-23 22:48:08'),
(320, 15, 10, 1, '2021-11-23 22:48:08'),
(321, 15, 11, 1, '2021-11-23 22:48:08'),
(322, 15, 12, 1, '2021-11-23 22:48:08'),
(323, 15, 13, 1, '2021-11-23 22:48:08'),
(324, 15, 14, 1, '2021-11-23 22:48:08'),
(325, 15, 15, 1, '2021-11-23 22:48:08'),
(326, 15, 16, 1, '2021-11-23 22:48:08'),
(327, 15, 17, 1, '2021-11-23 22:48:08'),
(328, 15, 18, 1, '2021-11-23 22:48:08'),
(329, 15, 19, 1, '2021-11-23 22:48:08'),
(330, 15, 20, 1, '2021-11-23 22:48:08'),
(331, 15, 21, 1, '2021-11-23 22:48:08'),
(332, 15, 22, 1, '2021-11-23 22:48:08'),
(333, 15, 23, 1, '2021-11-23 22:48:08'),
(334, 15, 24, 1, '2021-11-23 22:48:08'),
(335, 15, 25, 1, '2021-11-23 22:48:08'),
(336, 15, 26, 2, '2021-11-23 22:48:08'),
(337, 15, 27, 1, '2021-11-23 22:48:08'),
(338, 15, 28, 0, '2021-11-23 22:48:08'),
(339, 15, 29, 1, '2021-11-23 22:48:08'),
(340, 15, 30, 0, '2021-11-23 22:48:08'),
(341, 15, 31, 1, '2021-11-23 22:48:08'),
(342, 15, 32, 0, '2021-11-23 22:48:08'),
(343, 16, 7, 1, '2021-11-23 22:49:25'),
(344, 16, 8, 0, '2021-11-23 22:49:25'),
(345, 16, 9, 0, '2021-11-23 22:49:25'),
(346, 16, 10, 1, '2021-11-23 22:49:25'),
(347, 16, 11, 1, '2021-11-23 22:49:25'),
(348, 16, 12, 1, '2021-11-23 22:49:25'),
(349, 16, 13, 1, '2021-11-23 22:49:25'),
(350, 16, 14, 1, '2021-11-23 22:49:25'),
(351, 16, 15, 1, '2021-11-23 22:49:25'),
(352, 16, 16, 1, '2021-11-23 22:49:25'),
(353, 16, 17, 1, '2021-11-23 22:49:25'),
(354, 16, 18, 1, '2021-11-23 22:49:25'),
(355, 16, 19, 0, '2021-11-23 22:49:25'),
(356, 16, 20, 1, '2021-11-23 22:49:25'),
(357, 16, 21, 0, '2021-11-23 22:49:25'),
(358, 16, 22, 1, '2021-11-23 22:49:25'),
(359, 16, 23, 0, '2021-11-23 22:49:25'),
(360, 16, 24, 1, '2021-11-23 22:49:25'),
(361, 16, 25, 0, '2021-11-23 22:49:25'),
(362, 16, 26, 1, '2021-11-23 22:49:25'),
(363, 16, 27, 0, '2021-11-23 22:49:25'),
(364, 16, 28, 1, '2021-11-23 22:49:25'),
(365, 16, 29, 0, '2021-11-23 22:49:25'),
(366, 16, 30, 1, '2021-11-23 22:49:25'),
(367, 16, 31, 0, '2021-11-23 22:49:25'),
(368, 16, 32, 1, '2021-11-23 22:49:25'),
(369, 17, 7, 1, '2021-11-23 22:51:35'),
(370, 17, 8, 1, '2021-11-23 22:51:35'),
(371, 17, 9, 1, '2021-11-23 22:51:35'),
(372, 17, 10, 1, '2021-11-23 22:51:35'),
(373, 17, 11, 0, '2021-11-23 22:51:35'),
(374, 17, 12, 1, '2021-11-23 22:51:35'),
(375, 17, 13, 1, '2021-11-23 22:51:35'),
(376, 17, 14, 1, '2021-11-23 22:51:35'),
(377, 17, 15, 1, '2021-11-23 22:51:35'),
(378, 17, 16, 1, '2021-11-23 22:51:35'),
(379, 17, 17, 1, '2021-11-23 22:51:35'),
(380, 17, 18, 0, '2021-11-23 22:51:35'),
(381, 17, 19, 1, '2021-11-23 22:51:35'),
(382, 17, 20, 0, '2021-11-23 22:51:35'),
(383, 17, 21, 1, '2021-11-23 22:51:35'),
(384, 17, 22, 0, '2021-11-23 22:51:35'),
(385, 17, 23, 1, '2021-11-23 22:51:35'),
(386, 17, 24, 0, '2021-11-23 22:51:35'),
(387, 17, 25, 1, '2021-11-23 22:51:35'),
(388, 17, 26, 0, '2021-11-23 22:51:35'),
(389, 17, 27, 1, '2021-11-23 22:51:35'),
(390, 17, 28, 0, '2021-11-23 22:51:35'),
(391, 17, 29, 1, '2021-11-23 22:51:35'),
(392, 17, 30, 1, '2021-11-23 22:51:35'),
(393, 17, 31, 1, '2021-11-23 22:51:35'),
(394, 17, 32, 1, '2021-11-23 22:51:35'),
(395, 18, 7, 1, '2021-12-17 22:31:09'),
(396, 18, 8, 1, '2021-12-17 22:31:09'),
(397, 18, 9, 0, '2021-12-17 22:31:09'),
(398, 18, 10, 0, '2021-12-17 22:31:09'),
(399, 18, 11, 0, '2021-12-17 22:31:09'),
(400, 18, 12, 0, '2021-12-17 22:31:09'),
(401, 18, 13, 0, '2021-12-17 22:31:09'),
(402, 18, 14, 0, '2021-12-17 22:31:09'),
(403, 18, 15, 0, '2021-12-17 22:31:09'),
(404, 18, 16, 1, '2021-12-17 22:31:09'),
(405, 18, 17, 1, '2021-12-17 22:31:09'),
(406, 18, 18, 1, '2021-12-17 22:31:09'),
(407, 18, 19, 1, '2021-12-17 22:31:09'),
(408, 18, 20, 1, '2021-12-17 22:31:09'),
(409, 18, 21, 1, '2021-12-17 22:31:09'),
(410, 18, 22, 1, '2021-12-17 22:31:09'),
(411, 18, 23, 1, '2021-12-17 22:31:09'),
(412, 18, 24, 1, '2021-12-17 22:31:09'),
(413, 18, 25, 1, '2021-12-17 22:31:09'),
(414, 18, 26, 1, '2021-12-17 22:31:09'),
(415, 18, 27, 1, '2021-12-17 22:31:09'),
(416, 18, 28, 1, '2021-12-17 22:31:09'),
(417, 18, 29, 1, '2021-12-17 22:31:09'),
(418, 18, 30, 1, '2021-12-17 22:31:09'),
(419, 18, 31, 1, '2021-12-17 22:31:09'),
(420, 18, 32, 1, '2021-12-17 22:31:09'),
(421, 19, 7, 1, '2021-12-17 22:33:18'),
(422, 19, 8, 0, '2021-12-17 22:33:18'),
(423, 19, 9, 1, '2021-12-17 22:33:18'),
(424, 19, 10, 1, '2021-12-17 22:33:18'),
(425, 19, 11, 1, '2021-12-17 22:33:18'),
(426, 19, 12, 0, '2021-12-17 22:33:18'),
(427, 19, 13, 0, '2021-12-17 22:33:18'),
(428, 19, 14, 0, '2021-12-17 22:33:18'),
(429, 19, 15, 0, '2021-12-17 22:33:18'),
(430, 19, 16, 0, '2021-12-17 22:33:18'),
(431, 19, 17, 1, '2021-12-17 22:33:18'),
(432, 19, 18, 0, '2021-12-17 22:33:18'),
(433, 19, 19, 1, '2021-12-17 22:33:18'),
(434, 19, 20, 0, '2021-12-17 22:33:18'),
(435, 19, 21, 1, '2021-12-17 22:33:18'),
(436, 19, 22, 0, '2021-12-17 22:33:18'),
(437, 19, 23, 1, '2021-12-17 22:33:18'),
(438, 19, 24, 1, '2021-12-17 22:33:18'),
(439, 19, 25, 1, '2021-12-17 22:33:18'),
(440, 19, 26, 1, '2021-12-17 22:33:18'),
(441, 19, 27, 1, '2021-12-17 22:33:18'),
(442, 19, 28, 1, '2021-12-17 22:33:18'),
(443, 19, 29, 1, '2021-12-17 22:33:18'),
(444, 19, 30, 1, '2021-12-17 22:33:18'),
(445, 19, 31, 0, '2021-12-17 22:33:18'),
(446, 19, 32, 0, '2021-12-17 22:33:18'),
(447, 20, 33, 1, '2021-12-21 21:06:52'),
(448, 20, 34, 1, '2021-12-21 21:06:52'),
(449, 20, 35, 1, '2021-12-21 21:06:52'),
(450, 20, 36, 1, '2021-12-21 21:06:52'),
(451, 20, 37, 1, '2021-12-21 21:06:52'),
(452, 20, 38, 1, '2021-12-21 21:06:52'),
(453, 20, 39, 1, '2021-12-21 21:06:52'),
(454, 20, 40, 0, '2021-12-21 21:06:52'),
(455, 20, 41, 1, '2021-12-21 21:06:52'),
(456, 20, 42, 1, '2021-12-21 21:06:52'),
(457, 20, 43, 1, '2021-12-21 21:06:52'),
(458, 20, 44, 1, '2021-12-21 21:06:52'),
(459, 20, 45, 1, '2021-12-21 21:06:52'),
(460, 21, 7, 0, '2021-12-23 08:55:16'),
(461, 21, 8, 0, '2021-12-23 08:55:16'),
(462, 21, 9, 0, '2021-12-23 08:55:16'),
(463, 21, 10, 0, '2021-12-23 08:55:16'),
(464, 21, 11, 0, '2021-12-23 08:55:16'),
(465, 21, 12, 0, '2021-12-23 08:55:16'),
(466, 21, 13, 0, '2021-12-23 08:55:16'),
(467, 21, 14, 1, '2021-12-23 08:55:16'),
(468, 21, 15, 0, '2021-12-23 08:55:16'),
(469, 21, 16, 0, '2021-12-23 08:55:16'),
(470, 21, 17, 0, '2021-12-23 08:55:16'),
(471, 21, 18, 0, '2021-12-23 08:55:16'),
(472, 21, 19, 0, '2021-12-23 08:55:16'),
(473, 21, 20, 0, '2021-12-23 08:55:16'),
(474, 21, 21, 0, '2021-12-23 08:55:16'),
(475, 21, 22, 0, '2021-12-23 08:55:16'),
(476, 21, 23, 0, '2021-12-23 08:55:16'),
(477, 21, 24, 0, '2021-12-23 08:55:16'),
(478, 21, 25, 0, '2021-12-23 08:55:16'),
(479, 21, 26, 0, '2021-12-23 08:55:16'),
(480, 21, 27, 0, '2021-12-23 08:55:16'),
(481, 21, 28, 0, '2021-12-23 08:55:16'),
(482, 21, 29, 0, '2021-12-23 08:55:16'),
(483, 21, 30, 1, '2021-12-23 08:55:16'),
(484, 21, 31, 0, '2021-12-23 08:55:16'),
(485, 21, 32, 0, '2021-12-23 08:55:16'),
(486, 22, 7, 1, '2021-12-25 17:37:06'),
(487, 22, 8, 1, '2021-12-25 17:37:06'),
(488, 22, 9, 1, '2021-12-25 17:37:06'),
(489, 22, 10, 1, '2021-12-25 17:37:06'),
(490, 22, 11, 0, '2021-12-25 17:37:06'),
(491, 22, 12, 0, '2021-12-25 17:37:06'),
(492, 22, 13, 0, '2021-12-25 17:37:06'),
(493, 22, 14, 0, '2021-12-25 17:37:06'),
(494, 22, 15, 0, '2021-12-25 17:37:06'),
(495, 22, 16, 0, '2021-12-25 17:37:06'),
(496, 22, 17, 0, '2021-12-25 17:37:06'),
(497, 22, 18, 0, '2021-12-25 17:37:06'),
(498, 22, 19, 0, '2021-12-25 17:37:06'),
(499, 22, 20, 0, '2021-12-25 17:37:06'),
(500, 22, 21, 0, '2021-12-25 17:37:06'),
(501, 22, 22, 1, '2021-12-25 17:37:06'),
(502, 22, 23, 0, '2021-12-25 17:37:06'),
(503, 22, 24, 0, '2021-12-25 17:37:06'),
(504, 22, 25, 1, '2021-12-25 17:37:06'),
(505, 22, 26, 0, '2021-12-25 17:37:06'),
(506, 22, 27, 0, '2021-12-25 17:37:06'),
(507, 22, 28, 1, '2021-12-25 17:37:06'),
(508, 22, 29, 1, '2021-12-25 17:37:06'),
(509, 22, 30, 1, '2021-12-25 17:37:06'),
(510, 22, 31, 1, '2021-12-25 17:37:06'),
(511, 23, 7, 0, '2021-12-25 19:52:58'),
(512, 23, 8, 1, '2021-12-25 19:52:58'),
(513, 23, 9, 1, '2021-12-25 19:52:58'),
(514, 23, 10, 1, '2021-12-25 19:52:58'),
(515, 23, 11, 0, '2021-12-25 19:52:58'),
(516, 23, 12, 1, '2021-12-25 19:52:58'),
(517, 23, 13, 1, '2021-12-25 19:52:58'),
(518, 23, 14, 1, '2021-12-25 19:52:58'),
(519, 23, 15, 1, '2021-12-25 19:52:58'),
(520, 23, 16, 0, '2021-12-25 19:52:58'),
(521, 23, 17, 0, '2021-12-25 19:52:58'),
(522, 23, 18, 1, '2021-12-25 19:52:58'),
(523, 23, 19, 1, '2021-12-25 19:52:58'),
(524, 23, 20, 1, '2021-12-25 19:52:58'),
(525, 23, 21, 1, '2021-12-25 19:52:58'),
(526, 23, 22, 1, '2021-12-25 19:52:58'),
(527, 23, 23, 1, '2021-12-25 19:52:58'),
(528, 23, 24, 1, '2021-12-25 19:52:58'),
(529, 23, 25, 1, '2021-12-25 19:52:58'),
(530, 23, 26, 1, '2021-12-25 19:52:58'),
(531, 23, 27, 1, '2021-12-25 19:52:58'),
(532, 23, 28, 1, '2021-12-25 19:52:58'),
(533, 23, 29, 1, '2021-12-25 19:52:58'),
(534, 23, 30, 1, '2021-12-25 19:52:58'),
(535, 23, 31, 1, '2021-12-25 19:52:58'),
(536, 24, 7, 1, '2021-12-25 22:26:08'),
(537, 24, 8, 1, '2021-12-25 22:26:08'),
(538, 24, 9, 1, '2021-12-25 22:26:08'),
(539, 24, 10, 0, '2021-12-25 22:26:08'),
(540, 24, 11, 1, '2021-12-25 22:26:08'),
(541, 24, 12, 1, '2021-12-25 22:26:08'),
(542, 24, 13, 1, '2021-12-25 22:26:08'),
(543, 24, 14, 1, '2021-12-25 22:26:08'),
(544, 24, 15, 0, '2021-12-25 22:26:08'),
(545, 24, 16, 1, '2021-12-25 22:26:08'),
(546, 24, 17, 0, '2021-12-25 22:26:08'),
(547, 24, 18, 0, '2021-12-25 22:26:08'),
(548, 24, 19, 0, '2021-12-25 22:26:08'),
(549, 24, 20, 1, '2021-12-25 22:26:08'),
(550, 24, 21, 0, '2021-12-25 22:26:08'),
(551, 24, 22, 1, '2021-12-25 22:26:08'),
(552, 24, 23, 0, '2021-12-25 22:26:08'),
(553, 24, 24, 1, '2021-12-25 22:26:08'),
(554, 24, 25, 1, '2021-12-25 22:26:08'),
(555, 24, 26, 1, '2021-12-25 22:26:08'),
(556, 24, 27, 1, '2021-12-25 22:26:08'),
(557, 24, 28, 1, '2021-12-25 22:26:08'),
(558, 24, 29, 1, '2021-12-25 22:26:08'),
(559, 24, 30, 1, '2021-12-25 22:26:08'),
(560, 24, 31, 1, '2021-12-25 22:26:08'),
(561, 25, 33, 1, '2021-12-27 11:33:58'),
(562, 25, 34, 1, '2021-12-27 11:33:58'),
(563, 25, 35, 0, '2021-12-27 11:33:58'),
(564, 25, 36, 0, '2021-12-27 11:33:58'),
(565, 25, 37, 0, '2021-12-27 11:33:58'),
(566, 25, 38, 1, '2021-12-27 11:33:58'),
(567, 25, 39, 1, '2021-12-27 11:33:58'),
(568, 25, 40, 0, '2021-12-27 11:33:58'),
(569, 25, 41, 1, '2021-12-27 11:33:58'),
(570, 25, 42, 1, '2021-12-27 11:33:58'),
(571, 25, 43, 0, '2021-12-27 11:33:58'),
(572, 26, 33, 1, '2021-12-27 11:48:07'),
(573, 26, 34, 0, '2021-12-27 11:48:07'),
(574, 26, 35, 1, '2021-12-27 11:48:07'),
(575, 26, 36, 0, '2021-12-27 11:48:07'),
(576, 26, 37, 0, '2021-12-27 11:48:07'),
(577, 26, 38, 0, '2021-12-27 11:48:07'),
(578, 26, 39, 0, '2021-12-27 11:48:07'),
(579, 26, 40, 0, '2021-12-27 11:48:07'),
(580, 26, 41, 1, '2021-12-27 11:48:07'),
(581, 26, 42, 0, '2021-12-27 11:48:07'),
(582, 26, 43, 1, '2021-12-27 11:48:07');

-- --------------------------------------------------------

--
-- Table structure for table `class`
--

CREATE TABLE `class` (
  `id` int(30) NOT NULL,
  `course_id` int(30) NOT NULL,
  `level` varchar(50) NOT NULL,
  `section` varchar(100) NOT NULL,
  `status` tinyint(1) NOT NULL DEFAULT 1 COMMENT '1=Active, 0=Inactive',
  `date_created` datetime NOT NULL DEFAULT current_timestamp()
) ENGINE=InnoDB DEFAULT CHARSET=utf8mb4;

--
-- Dumping data for table `class`
--

INSERT INTO `class` (`id`, `course_id`, `level`, `section`, `status`, `date_created`) VALUES
(1, 2, '5', 'A', 1, '2021-11-21 10:48:45'),
(2, 2, '5', 'B', 1, '2021-11-21 10:52:58'),
(3, 2, '5', 'C', 1, '2021-11-21 13:36:47'),
(4, 2, '5', 'D', 1, '2021-11-21 13:36:58'),
(5, 1, '5', 'A', 1, '2021-12-22 13:31:59'),
(7, 1, '5', 'B', 1, '2021-12-26 11:03:32');

-- --------------------------------------------------------

--
-- Table structure for table `class_subject`
--

CREATE TABLE `class_subject` (
  `id` int(30) NOT NULL,
  `class_id` int(30) NOT NULL,
  `subject_id` int(30) NOT NULL,
  `faculty_id` int(30) NOT NULL,
  `student_ids` text NOT NULL,
  `date_created` datetime NOT NULL DEFAULT current_timestamp()
) ENGINE=InnoDB DEFAULT CHARSET=utf8mb4;

--
-- Dumping data for table `class_subject`
--

INSERT INTO `class_subject` (`id`, `class_id`, `subject_id`, `faculty_id`, `student_ids`, `date_created`) VALUES
(1, 2, 1, 1, '', '0000-00-00 00:00:00'),
(2, 1, 2, 9, '', '0000-00-00 00:00:00'),
(3, 2, 2, 2, '', '2021-11-21 13:48:40'),
(4, 2, 5, 4, '', '2021-11-21 13:49:02'),
(5, 1, 1, 3, '', '2021-11-21 13:49:23'),
(6, 2, 4, 5, '', '2021-11-21 13:49:47'),
(7, 2, 3, 6, '', '2021-11-21 20:48:00'),
(8, 3, 1, 7, '', '2021-11-21 20:50:56'),
(9, 1, 3, 8, '', '2021-11-21 20:54:39'),
(10, 1, 5, 4, '', '2021-11-21 20:55:12'),
(11, 1, 4, 10, '', '2021-11-21 21:05:33'),
(12, 3, 4, 5, '', '2021-11-22 20:28:34'),
(13, 4, 4, 5, '', '2021-11-23 22:44:39'),
(14, 5, 2, 7, '', '2021-12-22 13:32:36'),
(15, 7, 1, 1, '', '2021-12-26 11:07:22');

-- --------------------------------------------------------

--
-- Table structure for table `courses`
--

CREATE TABLE `courses` (
  `id` int(30) NOT NULL,
  `course` varchar(100) NOT NULL,
  `description` text NOT NULL,
  `date_created` datetime NOT NULL DEFAULT current_timestamp()
) ENGINE=InnoDB DEFAULT CHARSET=utf8mb4;

--
-- Dumping data for table `courses`
--

INSERT INTO `courses` (`id`, `course`, `description`, `date_created`) VALUES
(1, 'Computer Science', 'CS Degree teaches about Computers', '2021-11-21 10:00:41'),
(2, 'Information Science', ' IS Degree Teaches about Computers and Data.', '2021-11-21 10:02:09'),
(3, 'Mechanical Engineering', 'ME Degree Teaches About Mechanics and Stuff', '2021-11-21 10:02:16'),
(4, 'Civil Engineering', ' CE degree Teaches about Structures and Durability of a building', '2021-11-21 10:02:24');

-- --------------------------------------------------------

--
-- Table structure for table `faculty`
--

CREATE TABLE `faculty` (
  `id` int(30) NOT NULL,
  `id_no` varchar(50) NOT NULL,
  `name` text NOT NULL,
  `email` varchar(200) NOT NULL,
  `contact` varchar(50) NOT NULL,
  `address` text NOT NULL,
  `date_created` datetime NOT NULL DEFAULT current_timestamp()
) ENGINE=InnoDB DEFAULT CHARSET=utf8mb4;

--
-- Dumping data for table `faculty`
--

INSERT INTO `faculty` (`id`, `id_no`, `name`, `email`, `contact`, `address`, `date_created`) VALUES
(1, 'NMIS01', 'Vanajakshi J', 'jvanajakshi@gmail.com', '+91 845 2707511', 'ManjalPalke near Nitte, Karkala', '2021-11-21 11:32:18'),
(2, 'NMIS02', 'Sapna S', 'sapnas@gmail.com', '+91 722 0980706', 'PVS Circle Kodial Bail Mangalore', '2021-11-21 13:40:18'),
(3, 'NMIS03', 'Sandhya S', 'sandhyas@gmail.com', '+91 854 6914765', 'Bunts Hostel Circle , Mangalore', '2021-11-21 13:42:42'),
(4, 'NMIS04', 'Dr. KARUNA PANDIT', 'karuna@gmail.com', '+91 63 66304558', 'Karkala Udupi District', '2021-11-21 13:44:28'),
(5, 'NMIS05', 'Dr. USHA DIVAKARLA', 'usha@gmail.com', '+91 63 66304546', 'Padu Apartments near Padubidre Udupi District', '2021-11-21 13:46:05'),
(6, 'NMIS06', 'Dr. BOLA SUNIL KAMATH', 'sunil@gmail.com', '+91 722 0980890', 'Belman near Nitte Karkala', '2021-11-21 20:47:18'),
(7, 'NMIS07', 'Dr. JASON ELROY MARTIS', 'jason@gmail.com', '+91 822 0980789', 'Karakala Padubidre Church Cross Street', '2021-11-21 20:49:53'),
(8, 'NMIS08', 'Mr. SANTHOSH S', 'santosh@gmail.com', '+91 854 6914891', 'Kaup Udupi 575-003', '2021-11-21 20:53:44'),
(9, 'NMIS09', 'Mr. BALAJI N', 'balajin@nitte.edu.in', '+91 63 66304678', 'PumpWell Kodail Heights 575003', '2021-11-21 21:01:51'),
(10, 'NMIS10', 'Mr. ABHISHEK S RAO', 'abhishekrao@nitte.edu.in', '+91 845 2707671', 'Thumbay Mangalore 575134', '2021-11-21 21:03:42');

-- --------------------------------------------------------

--
-- Table structure for table `students`
--

CREATE TABLE `students` (
  `id` int(30) NOT NULL,
  `id_no` varchar(50) NOT NULL,
  `class_id` int(30) NOT NULL,
  `name` text NOT NULL,
  `date_created` datetime NOT NULL DEFAULT current_timestamp()
) ENGINE=InnoDB DEFAULT CHARSET=utf8mb4;

--
-- Dumping data for table `students`
--

INSERT INTO `students` (`id`, `id_no`, `class_id`, `name`, `date_created`) VALUES
(7, '4NM19IS051', 2, 'DHANUSH P HEGDE', '2021-11-21 15:05:03'),
(8, '4NM19IS052', 2, 'DHRUV NAVEEN PRABHU', '2021-11-21 15:05:22'),
(9, '4NM19IS053', 2, 'ELTON LOUIS DSOUZA', '2021-11-21 15:05:43'),
(10, '4NM19IS054', 2, 'GAGAN G', '2021-11-21 15:06:12'),
(11, '4NM19IS055', 2, 'GAGANDEEP N', '2021-11-21 15:06:32'),
(12, '4NM19IS056', 2, 'GAUTHAM PAI KULYADI', '2021-11-21 15:07:25'),
(13, '4NM19IS057', 2, 'GLEN HENSON FERNANDES', '2021-11-21 15:08:08'),
(14, '4NM19IS058', 2, 'HARSH RAHUL KUMAR HANSALIA', '2021-11-21 15:08:45'),
(15, '4NM19IS059', 2, 'HARSHA M PRABHU', '2021-11-21 15:09:10'),
(16, '4NM19IS060', 2, 'HARSHAV KUMAR', '2021-11-21 15:09:41'),
(17, '4NM19IS061', 2, 'HARSHITHA B N', '2021-11-21 15:10:11'),
(18, '4NM19IS062', 2, 'HARSHITHA H L ', '2021-11-21 15:10:40'),
(19, '4NM19IS063', 2, 'HRITHIKA S KUNDER', '2021-11-21 15:11:49'),
(20, '4NM19IS064', 2, 'JAHNAVI ', '2021-11-21 15:16:05'),
(21, '4NM19IS065', 2, 'JNANA AITHAL', '2021-11-21 15:16:41'),
(22, '4NM19IS066', 2, 'JYOTHSNA N', '2021-11-21 15:17:30'),
(23, '4NM19IS067', 2, 'K ANIRUDDHA BHAT', '2021-11-21 15:17:55'),
(24, '4NM19IS068', 2, 'K ANNAPOORNA SHENOY', '2021-11-21 15:18:23'),
(25, '4NM19IS069', 2, 'K PRAJWAL S ACHARYA', '2021-11-21 15:18:47'),
(26, '4NM19IS070', 2, 'KALANDAR', '2021-11-21 15:19:13'),
(27, '4NM19IS071', 2, 'KANDULA SANJAY', '2021-11-21 15:20:37'),
(28, '4NM19IS072', 2, 'KANISHK SHARMA ', '2021-11-21 15:21:00'),
(29, '4NM19IS073', 2, 'KARTHIK', '2021-11-21 15:21:24'),
(30, '4NM19IS074', 2, 'KARTHIK P ', '2021-11-21 15:21:43'),
(34, '4NM19IS002', 1, 'ABHINAV A', '2021-11-21 21:08:42'),
(35, '4NM19IS003', 1, 'ABHISHEK DIXIT', '2021-11-21 21:09:16'),
(36, '4NM19IS004', 1, 'ABHISHEK PRABHU JAKRIBET', '2021-11-21 21:09:35'),
(37, '4NM19IS005', 1, 'ADARSH S RAI ', '2021-11-21 21:10:12'),
(38, '4NM19IS006', 1, 'ADITHI BHAKTA', '2021-11-21 21:11:11'),
(39, '4NM19IS007', 1, 'ADITHI PUTTURAYA', '2021-11-21 21:11:47'),
(40, '4NM19IS008', 1, 'ADITHI VISHNU PATIL', '2021-11-21 21:12:17'),
(41, '4NM19IS009', 1, 'ADITHYA ', '2021-11-21 21:12:50'),
(42, '4NM19IS011', 1, 'ADITI C SHETTY ', '2021-11-21 21:13:14'),
(43, '4NM19IS012', 1, 'ADITYA V SAKALEKAR', '2021-11-21 21:13:42'),
(53, '4NM19IS075', 2, 'KARTHIK SHETTY ', '2021-12-27 12:00:01');

--
-- Triggers `students`
--
DELIMITER $$
CREATE TRIGGER `deletelog` BEFORE DELETE ON `students` FOR EACH ROW INSERT INTO student_log VALUES(null,OLD.id_no,OLD.name,"Deleted",NOW())
$$
DELIMITER ;

-- --------------------------------------------------------

--
-- Stand-in structure for view `student_info`
-- (See below for the actual view)
--
CREATE TABLE `student_info` (
`ID` varchar(50)
,`NAME` text
);

-- --------------------------------------------------------

--
-- Table structure for table `student_log`
--

CREATE TABLE `student_log` (
  `id` int(11) NOT NULL,
  `student_id` varchar(20) NOT NULL,
  `student_name` varchar(30) NOT NULL,
  `action` varchar(20) NOT NULL,
  `cdate` datetime NOT NULL
) ENGINE=InnoDB DEFAULT CHARSET=utf8mb4;

--
-- Dumping data for table `student_log`
--

INSERT INTO `student_log` (`id`, `student_id`, `student_name`, `action`, `cdate`) VALUES
(10, '4NM19IS075', 'KARTHIK SHETTY ', 'Deleted', '2021-12-27 11:26:40'),
(11, '4NM19IS001', 'AADARSH', 'Deleted', '2021-12-27 13:34:16');

-- --------------------------------------------------------

--
-- Table structure for table `subjects`
--

CREATE TABLE `subjects` (
  `id` int(30) NOT NULL,
  `subject` varchar(100) NOT NULL,
  `description` text NOT NULL,
  `date_created` datetime NOT NULL DEFAULT current_timestamp()
) ENGINE=InnoDB DEFAULT CHARSET=utf8mb4;

--
-- Dumping data for table `subjects`
--

INSERT INTO `subjects` (`id`, `subject`, `description`, `date_created`) VALUES
(1, 'DBMS', 'Data-Base Management Sytem.', '2021-11-21 10:29:53'),
(2, 'DM', 'Data Mining', '2021-11-21 10:30:48'),
(3, 'OS', 'Opearting System', '2021-11-21 10:30:57'),
(4, 'MCES', 'MicroController and Embedded System', '2021-11-21 13:47:13'),
(5, 'FAFL', 'Finite Automata and Formal Learning', '2021-11-21 13:48:09');

-- --------------------------------------------------------

--
-- Table structure for table `system_settings`
--

CREATE TABLE `system_settings` (
  `id` int(30) NOT NULL,
  `name` text NOT NULL,
  `email` varchar(200) NOT NULL,
  `contact` varchar(20) NOT NULL,
  `cover_img` text NOT NULL,
  `about_content` text NOT NULL
) ENGINE=InnoDB DEFAULT CHARSET=utf8mb4;

--
-- Dumping data for table `system_settings`
--

INSERT INTO `system_settings` (`id`, `name`, `email`, `contact`, `cover_img`, `about_content`) VALUES
(1, 'Student Attendance Management System', '4nm19is075@nmamit.in and 4nm19is054@nmamit.in', '+6948 8542 623', '1603344720_1602738120_pngtree-purple-hd-business-banner-image_5493.jpg', '&lt;p style=&quot;text-align: center; background: transparent; position: relative;&quot;&gt;&lt;span style=&quot;color: rgb(0, 0, 0); font-family: &amp;quot;Open Sans&amp;quot;, Arial, sans-serif; font-weight: 400; text-align: justify;&quot;&gt;&amp;nbsp;is simply dummy text of the printing and typesetting industry. Lorem Ipsum has been the industry&rsquo;s standard dummy text ever since the 1500s, when an unknown printer took a galley of type and scrambled it to make a type specimen book. It has survived not only five centuries, but also the leap into electronic typesetting, remaining essentially unchanged. It was popularised in the 1960s with the release of Letraset sheets containing Lorem Ipsum passages, and more recently with desktop publishing software like Aldus PageMaker including versions of Lorem Ipsum.&lt;/span&gt;&lt;br&gt;&lt;/p&gt;&lt;p style=&quot;text-align: center; background: transparent; position: relative;&quot;&gt;&lt;br&gt;&lt;/p&gt;&lt;p style=&quot;text-align: center; background: transparent; position: relative;&quot;&gt;&lt;br&gt;&lt;/p&gt;&lt;p&gt;&lt;/p&gt;');

-- --------------------------------------------------------

--
-- Table structure for table `users`
--

CREATE TABLE `users` (
  `id` int(30) NOT NULL,
  `name` text NOT NULL,
  `username` varchar(200) NOT NULL,
  `password` text NOT NULL,
  `type` tinyint(1) NOT NULL DEFAULT 3 COMMENT '1=Admin,2=Staff',
  `faculty_id` int(30) NOT NULL COMMENT 'for faculty user only'
) ENGINE=InnoDB DEFAULT CHARSET=utf8mb4;

--
-- Dumping data for table `users`
--

INSERT INTO `users` (`id`, `name`, `username`, `password`, `type`, `faculty_id`) VALUES
(1, 'Administrator', 'admin', '0192023a7bbd73250516f069df18b500', 1, 0),
(2, 'Vanajakshi J', 'jvanajakshi@gmail.com', '239e6bf53aafcd9874013e7b602f2b27', 3, 1),
(3, 'Sapna S', 'sapnas@gmail.com', '55464bbcb4094bfa03e6dccedc7e489c', 3, 2),
(4, 'Sandhya S', 'sandhyas@gmail.com', 'd54f20fe5200a8e30aa3a6ac1be720ab', 3, 3),
(5, 'Dr. KARUNA PANDIT', 'karuna@gmail.com', 'a8a5a25ca58a9520096677ad04c93221', 3, 4),
(6, 'Dr. USHA DIVAKARLA', 'usha@gmail.com', '40c01a342d1322ece9e89e6bcbb328d8', 3, 5),
(7, 'Dr. BOLA SUNIL KAMATH', 'sunil@gmail.com', '78d4e3fc4d3a9d4551b746ed7eb06838', 3, 6),
(8, 'Dr. JASON ELROY MARTIS', 'jason@gmail.com', 'dfc6025963b502518a0879127b2b8ed1', 3, 7),
(9, 'Mr. SANTHOSH S', 'santosh@gmail.com', '269f14e1cc62e59014f41b2656d96e51', 3, 8),
(10, 'Mr. BALAJI N', 'balajin@nitte.edu.in', 'b96690793b6bffa3ad592e8c37b6f4b0', 3, 9),
(11, 'Mr. ABHISHEK S RAO', 'abhishekrao@nitte.edu.in', '14930102209ac09f3db9b71969e6f9a7', 3, 10),
(13, 'Gagan', 'gaganggmail.com', '73daaadb6e8d2e539dae666514474a85', 3, 12);

-- --------------------------------------------------------

--
-- Structure for view `student_info`
--
DROP TABLE IF EXISTS `student_info`;

CREATE ALGORITHM=UNDEFINED DEFINER=`root`@`localhost` SQL SECURITY DEFINER VIEW `student_info`  AS SELECT `students`.`id_no` AS `ID`, `students`.`name` AS `NAME` FROM `students` ;

--
-- Indexes for dumped tables
--

--
-- Indexes for table `attendance_list`
--
ALTER TABLE `attendance_list`
  ADD PRIMARY KEY (`id`);

--
-- Indexes for table `attendance_record`
--
ALTER TABLE `attendance_record`
  ADD PRIMARY KEY (`id`);

--
-- Indexes for table `class`
--
ALTER TABLE `class`
  ADD PRIMARY KEY (`id`);

--
-- Indexes for table `class_subject`
--
ALTER TABLE `class_subject`
  ADD PRIMARY KEY (`id`);

--
-- Indexes for table `courses`
--
ALTER TABLE `courses`
  ADD PRIMARY KEY (`id`);

--
-- Indexes for table `faculty`
--
ALTER TABLE `faculty`
  ADD PRIMARY KEY (`id`);

--
-- Indexes for table `students`
--
ALTER TABLE `students`
  ADD PRIMARY KEY (`id`);

--
-- Indexes for table `student_log`
--
ALTER TABLE `student_log`
  ADD PRIMARY KEY (`id`);

--
-- Indexes for table `subjects`
--
ALTER TABLE `subjects`
  ADD PRIMARY KEY (`id`);

--
-- Indexes for table `system_settings`
--
ALTER TABLE `system_settings`
  ADD PRIMARY KEY (`id`);

--
-- Indexes for table `users`
--
ALTER TABLE `users`
  ADD PRIMARY KEY (`id`);

--
-- AUTO_INCREMENT for dumped tables
--

--
-- AUTO_INCREMENT for table `attendance_list`
--
ALTER TABLE `attendance_list`
  MODIFY `id` int(30) NOT NULL AUTO_INCREMENT, AUTO_INCREMENT=27;

--
-- AUTO_INCREMENT for table `attendance_record`
--
ALTER TABLE `attendance_record`
  MODIFY `id` int(30) NOT NULL AUTO_INCREMENT, AUTO_INCREMENT=583;

--
-- AUTO_INCREMENT for table `class`
--
ALTER TABLE `class`
  MODIFY `id` int(30) NOT NULL AUTO_INCREMENT, AUTO_INCREMENT=8;

--
-- AUTO_INCREMENT for table `class_subject`
--
ALTER TABLE `class_subject`
  MODIFY `id` int(30) NOT NULL AUTO_INCREMENT, AUTO_INCREMENT=17;

--
-- AUTO_INCREMENT for table `courses`
--
ALTER TABLE `courses`
  MODIFY `id` int(30) NOT NULL AUTO_INCREMENT, AUTO_INCREMENT=7;

--
-- AUTO_INCREMENT for table `faculty`
--
ALTER TABLE `faculty`
  MODIFY `id` int(30) NOT NULL AUTO_INCREMENT, AUTO_INCREMENT=14;

--
-- AUTO_INCREMENT for table `students`
--
ALTER TABLE `students`
  MODIFY `id` int(30) NOT NULL AUTO_INCREMENT, AUTO_INCREMENT=54;

--
-- AUTO_INCREMENT for table `student_log`
--
ALTER TABLE `student_log`
  MODIFY `id` int(11) NOT NULL AUTO_INCREMENT, AUTO_INCREMENT=12;

--
-- AUTO_INCREMENT for table `subjects`
--
ALTER TABLE `subjects`
  MODIFY `id` int(30) NOT NULL AUTO_INCREMENT, AUTO_INCREMENT=7;

--
-- AUTO_INCREMENT for table `system_settings`
--
ALTER TABLE `system_settings`
  MODIFY `id` int(30) NOT NULL AUTO_INCREMENT, AUTO_INCREMENT=2;

--
-- AUTO_INCREMENT for table `users`
--
ALTER TABLE `users`
  MODIFY `id` int(30) NOT NULL AUTO_INCREMENT, AUTO_INCREMENT=15;
COMMIT;

/*!40101 SET CHARACTER_SET_CLIENT=@OLD_CHARACTER_SET_CLIENT */;
/*!40101 SET CHARACTER_SET_RESULTS=@OLD_CHARACTER_SET_RESULTS */;
/*!40101 SET COLLATION_CONNECTION=@OLD_COLLATION_CONNECTION */;
